<addon id="plugin.video.desicinemas"
       name="Desi Cinemas"
       version="1.0.0"
       provider-name="DesiCinema">
    <extension point="xbmc.python.pluginsource" library="addon.py" />
    <extension point="xbmc.addon.metadata">
        <summary lang="en">Desi Cinemas Addon</summary>
        <description lang="en">A Kodi addon to stream content from Desi Cinemas.</description>
        <platform>all</platform>
        <license>GPL v2.0</license>
        <source>https://github.com/your-repo/plugin.video.desicinemas</source>
        <assets>
            <icon>resources/icon.png</icon>
        </assets>
    </extension>
</addon>
